"Keyword","Category","imp_level1_category_1d","pv_level1_category_1d","order_level1_category_1d"
"kisu hiraki","Food & Beverages","Food & Beverages",,
"cny decoration 2022","Home & Living",,"Home & Living",
"trt","Women's Apparel","Mobile & Gadgets",,
"chloe singapore","Women's Bags","Beauty & Personal Care",,
"beanbag","Home & Living","Home & Living","Home & Living",
"innifree","Beauty & Personal Care","Beauty & Personal Care","Beauty & Personal Care",
"shopeep","Platform Terms (Lazada / Shopee)","Fashion Accessories","Fashion Accessories","Fashion Accessories"
"cuberspace","Toys, Kids & Babies","Toys, Kids & Babies",,
"holland village bar","Lifestyle",,,
"ssd 1tb price","Computers & Peripherals","Computers & Accessories","Computers & Accessories","Computers & Accessories"
"32 inch 4k monitor","Computers & Peripherals","Computers & Peripherals","Computers & Peripherals",
"neck strap","Cameras & Drones","Jewellery & Accessories","Mobile & Gadgets","Jewellery & Accessories"
"kraft box singapore","Home & Living","Home & Living","Home & Living",
"luggage singapore","Travel & Luggage","Travel & Luggage","Travel & Luggage",
"ariston water heater","Home Appliances","Home Appliances","Home Appliances",
"holy communion elements","Food & Beverages",,"Food & Beverages",
"lg singapore monitor","Computers & Peripherals",,,
"basket for bicycle","Sports & Outdoors","Sports & Outdoors","Sports & Outdoors",
"ka capsules","Home & Living","Home & Living","Home & Living",
"seat cushion","Home & Living","Home & Living","Home & Living","Home & Living"
"java foldable bicycle singapore","Sports & Outdoors","Sports & Outdoors",,
"power tracks","Home Appliances","Home Appliances","Home Appliances",
"xgimi projector","Computers & Peripherals","Computers & Peripherals",,
"window unit aircon","Home Appliances","Home Appliances","Home Appliances",
"ikea dustbin","Home & Living","Home & Living",,
"laptop table for bed","Home & Living","Home & Living",,
"cycle glove","Sports & Outdoors","Sports & Outdoors","Sports & Outdoors",
"microfiber towels","Home & Living","Home & Living","Home & Living",
"best durian cake singapore","Food & Beverages",,,
"plastic shoes cabinet","Home & Living","Home & Living","Home & Living",
"protein bottle shaker","Sports & Outdoors","Sports & Outdoors",,
"undermount kitchen sink","Home & Living","Home & Living","Home & Living",
"zao cai mao","Hobbies & Books",,"Home & Living",
"1650 super","Computers & Peripherals","Computers & Peripherals","Computers & Peripherals",
"c type to dp","Computers & Peripherals","Computers & Accessories","Computers & Accessories","Computers & Accessories"
"sofa foldable","Home & Living","Home & Living","Toys, Kids & Babies",
"40inch tv","Home Appliances","Home Appliances","Home Appliances",
"batik shirt","Men's Wear","Men's Wear","Men's Wear","Men's Wear"
"m1 maxx","Mobile & Gadgets","Dining, Travel & Services","Dining, Travel & Services","Home Appliances"
"safety mark singapore","Platform Terms (Lazada / Shopee)",,,
"door magnets","Home & Living","Home & Living",,
"singapore online shopping sites","Platform Terms (Lazada / Shopee)",,,
"tolly joy","Home & Living","Toys, Kids & Babies",,
"airpod pro case singapore","Mobile & Gadgets","Mobile & Gadgets","Mobile & Gadgets",
"adjustable spanners","Home & Living","Home & Living","Home & Living",
"dip bars","Sports & Outdoors","Sports & Outdoors","Sports & Outdoors",
"blackout blind","Home & Living","Home & Living","Home & Living",
"hair curler singapore","Home Appliances","Beauty & Personal Care",,
"watch digital","Watches","Watches",,
"brbantia","Home & Living","Home & Living","Home & Living","Home & Living"
"crotchet yarn","Home & Living","Home & Living","Home & Living","Home & Living"
"tempur pillow","Home & Living","Home & Living","Home & Living","Home & Living"
"chinese new year decorations supplier singapore","Home & Living",,,
"study table lamp","Home & Living","Home & Living","Home & Living","Home & Living"
"shiok garden","Dining, Travel & Services","Women Shoes","Tickets, Vouchers & Services","Tickets, Vouchers & Services"
"comforter","Home & Living","Home & Living","Home & Living","Home & Living"
"office chair singapore sale","Home & Living",,,
"remote control ceiling fan","Home Appliances","Home Appliances","Home & Living",
"tiled carpet","Home & Living","Home & Living","Home & Living","Home & Living"
"folding mountain bike","Sports & Outdoors","Sports & Outdoors","Sports & Outdoors",
"stress ball","Toys, Kids & Babies","Toys, Kids & Babies","Toys, Kids & Babies","Toys, Kids & Babies"
"sports jackets","Sports & Outdoors","Men's Wear","Women's Apparel",
"smart watch price singapore","Mobile & Gadgets","Mobile & Gadgets","Mobile & Gadgets","Mobile & Gadgets"
"fidget packs","Toys, Kids & Babies","Toys, Kids & Babies","Toys, Kids & Babies",
"nike waffle one","Sports & Outdoors",,"Sports & Outdoors",
"japan xx","Others",,,
"toilet cleaner liquid","Home & Living",,"Home & Living",
"teapot sets","Home & Living","Home & Living","Home & Living",
"ice making fridge","Home Appliances",,"Home & Living",
"moccona coffee","Food & Beverages","Food & Beverages","Food & Beverages",
"scoop singapore","Others",,"Women's Shoes",
"backpack for cats","Pet Food & Supplies","Pet Food & Supplies",,
"skateboard wheels","Sports & Outdoors","Sports & Outdoors","Sports & Outdoors",
"laundry bag","Home & Living","Home & Living","Home & Living","Home & Living"
"hdmi to usbc","Computers & Peripherals","Computers & Peripherals",,
"long sleeve blouses","Women's Apparel","Women's Apparel","Women's Apparel",
"best multi cooker singapore","Home Appliances",,,
"spanner box","Home & Living","Home & Living",,
"apple airpods pro 2","Mobile & Gadgets","Mobile & Gadgets","Mobile & Gadgets",
"slippers","Women's Shoes","Women's Shoes","Women's Shoes","Men's Shoes"
"milk storage bag","Toys, Kids & Babies","Toys, Kids & Babies","Toys, Kids & Babies","Toys, Kids & Babies"
"chng kae","Food & Beverages","Food & Beverages","Food & Beverages",
"male cheongsam","Men's Wear","Men's Wear",,
"gss 2022","Platform Terms (Lazada / Shopee)","Women Bags","Beauty","Beauty"
"luosifen singapore","Food & Beverages",,,
"drill battery","Home & Living","Home & Living","Mobile & Gadgets",
"cheetos flamin hot","Food & Beverages","Food & Beverages",,
"3060 price","Computers & Peripherals","Computers & Accessories","Computers & Accessories","Computers & Accessories"
"mattress memory foam","Home & Living","Home & Living",,
"champion sports","Sports & Outdoors","Men's Wear",,
"toilet mirror","Home & Living","Home & Living","Home & Living","Home & Living"
"mens sunglasses","Jewellery & Accessories","Jewellery & Accessories","Jewellery & Accessories",
"ps5 digital edition singapore","Video Games","Gaming & Consoles","Gaming & Consoles","Gaming & Consoles"
"bicycle front basket","Sports & Outdoors","Sports & Outdoors","Sports & Outdoors",
"the coopidea","Mobile & Gadgets",,"Mobile & Gadgets",
"jumpsuit for men","Men's Wear","Kids Fashion","Sports & Outdoors",
"ps4 pro","Video Games","Video Games","Video Games",
"rgb light strip","Home & Living","Home & Living","Home & Living",
"yuzumi","Health & Wellness","Health & Wellness","Health & Wellness","Health & Wellness"
"diary book","Home & Living","Home & Living","Home & Living","Home & Living"
"ampoule hair","Beauty & Personal Care","Beauty & Personal Care","Beauty & Personal Care",
"omni frozen","Food & Beverages","Food & Beverages","Food & Beverages",
"ribena jelly drink","Food & Beverages","Food & Beverages","Food & Beverages",
"rio drinks","Food & Beverages","Food & Beverages","Food & Beverages",
"baggie's","Food & Beverages","Men Clothes",,
"straw tumbler","Home & Living","Home & Living","Home & Living",
"premium sg","Mobile & Gadgets","Home & Living","Mobile & Gadgets",
"k380 logitech keyboard","Computers & Peripherals","Computers & Peripherals","Computers & Peripherals",
"cctv camera wireless","Cameras & Drones","Cameras & Drones","Cameras & Drones",
"goo","Toys, Kids & Babies","Home & Living","Home & Living",
"mx keys","Computers & Peripherals","Computers & Peripherals","Computers & Peripherals",
"satisfyer pro 2","Health & Wellness","Miscellaneous","Miscellaneous",
"panini maker","Home Appliances","Home & Living","Home & Living",
"bakers oven","Food & Beverages","Home & Living","Home & Living",
"where to watch f1 in singapore","Lifestyle",,,
"curtain blind","Home & Living","Home & Living","Home & Living","Home & Living"
"premium sg","Mobile & Gadgets","Home & Living","Mobile & Gadgets",
"aape singapore","Mobile & Gadgets",,,
"portable kettle","Home Appliances","Home Appliances","Home Appliances","Home Appliances"
"crocs online singapore","Men's Shoes",,,
"parfume","Beauty & Personal Care","Beauty & Personal Care","Beauty & Personal Care",
"timbuk2 backpack","Men's Bags","Men's Bags","Men's Bags",
"hacipupu","Hobbies & Books","Hobbies & Collections","Hobbies & Collections","Hobbies & Collections"
"hair clip","Jewellery & Accessories","Jewellery & Accessories","Jewellery & Accessories","Jewellery & Accessories"
"ceiling fan singapore with light","Home Appliances",,,
"chandelier lights","Home & Living","Home & Living","Home & Living",
"bbq portable grill","Home & Living","Home & Living","Sports & Outdoors",
"hdmi vga adapter","Computers & Peripherals","Computers & Peripherals","Computers & Peripherals","Computers & Peripherals"
"philip air purifier","Home Appliances","Home Appliances","Home Appliances","Home Appliances"
"crampon","Sports & Outdoors","Sports & Outdoors","Sports & Outdoors",
"nail filer","Beauty & Personal Care","Beauty & Personal Care","Beauty & Personal Care",
"seahorse outlet in singapore","Home & Living",,,
"sarasa pens","Home & Living","Home & Living","Home & Living",
"burga phone case","Mobile & Gadgets","Mobile & Gadgets",,
"anna nucci sandals","Women's Shoes",,"Men's Shoes",
"dyson singapore hair dryer","Home Appliances","Beauty","Beauty","Beauty"
"hdmi vga adapter","Home Appliances","Computers & Peripherals","Computers & Peripherals","Computers & Peripherals"
"dyson filter","Home Appliances","Home Appliances","Home Appliances","Home Appliances"
"nail filer","Beauty & Personal Care","Beauty & Personal Care","Beauty & Personal Care",
"lato lato","Toys, Kids & Babies",,"Mom & Baby","Mom & Baby"
"mellower coffe","Food & Beverages","Food & Beverages","Food & Beverages","Food & Beverages"
"massage osim","Health & Wellness","Home & Living","Home & Living",
"&honey shampoo","Beauty & Personal Care","Beauty & Personal Care",,
"s23","Mobile & Gadgets","Sports & Outdoors",,
"prom dress singapore","Women's Apparel","Women Clothes","Women Clothes","Women Clothes"
"carhartt sling bag","Men's Bags","Men's Bags","Men's Bags","Men's Bags"
"hot wheel","Toys, Kids & Babies","Hobbies & Books","Toys, Kids & Babies",
"lato lato","Toys, Kids & Babies",,"Mom & Baby","Mom & Baby"
"tank water","Home & Living","Home & Living",,
"vida drinks","Food & Beverages",,,
"lg gram+","Computers & Peripherals","Computers & Accessories","Computers & Accessories","Computers & Accessories"
"tufting gun","Home & Living","Home Appliances","Home Appliances",
"42"" tv","Home Appliances","Home Appliances","Home Appliances",
"kalguksu singapore","Food & Beverages","Stationery","Food & Beverages","Stationery"
"welcia-bhg","Health & Wellness",,"Beauty & Personal Care",
"posca marker","Home & Living","Home & Living","Home & Living",
"samsung tv remote control","Home Appliances","Home Appliances","Home Appliances","Home Appliances"
"dyson v11 singapore","Home Appliances",,,
"frozt","Food & Beverages","Food & Beverages","Food & Beverages",
"yam mooncake 2022","Food & Beverages",,,
"durians near me","Food & Beverages",,,
"posca marker","Home & Living","Home & Living","Home & Living",
"welcia-bhg","Beauty & Personal Care",,"Beauty & Personal Care",
"www.lazada.singapore","Platform Terms (Lazada / Shopee)",,,
"nike sale","Men's Shoes","Men's Shoes","Men's Wear",
"soy milk maker","Home Appliances","Home Appliances","Home Appliances",
"asyura paste","Food & Beverages",,"Food & Beverages",
"flexicure cream singapore","Health & Wellness","Health","Health","Beauty"
"oreo blackpink singapore","Food & Beverages","Food & Beverages","Food & Beverages","Food & Beverages"
"merrell hiking shoes","Men's Shoes","Sports & Outdoors","Sports & Outdoors",
"russet bag japan","Women's Bags","Women Bags","Women Bags","Women Bags"
"crochet kit","Hobbies & Books","Home & Living","Home & Living","Home & Living"
"korean sim card singapore","Mobile & Gadgets",,,
"beats studio buds +","Mobile & Gadgets","Mobile & Gadgets","Audio","Audio"
"olight singapore","Sports & Outdoors",,,
"lilit","Women's Apparel","Women's Apparel","Women's Apparel",
"butane gas canister","Home & Living","Sports & Outdoors","Home & Living",
"nuyolk","Food & Beverages","Food & Beverages",,
"phytopecia shampoo","Beauty & Personal Care","Beauty & Personal Care","Beauty & Personal Care",
"advent calendar 2022 singapore","Home & Living",,,
"limited edt sg","Home & Living","Beauty","Beauty","Beauty"
"mari bank","Platform Terms (Lazada / Shopee)","Hobbies & Collections","Gaming & Consoles","Gaming & Consoles"
"minds cafe","Lifestyle","Food & Beverages","Hobbies & Books",
"nokia wifi beacon 2","Computers & Peripherals","Computers & Peripherals",,
"nokia wifi beacon 2","Computers & Peripherals","Computers & Peripherals",,
"pheromone perfume","Beauty & Personal Care","Beauty & Personal Care","Beauty & Personal Care",
"recoil sg","Men's Wear","Sports & Outdoors",,
"resort world cruise","Lifestyle","Tickets, Vouchers & Services","Tickets, Vouchers & Services","Mom & Baby"
"sonny angel","Hobbies & Books","Toys, Kids & Babies","Toys, Kids & Babies",
"sonny angel","Hobbies & Books","Toys, Kids & Babies","Toys, Kids & Babies",
"t100 karaoke","Home Appliances","Audio","Audio","Audio"
"mari bank","Mobile & Gadgets","Hobbies & Collections","Gaming & Consoles","Gaming & Consoles"
"minds cafe","Women's Shoes","Food & Beverages","Hobbies & Books",
"pheromone perfume","Women's Apparel","Beauty & Personal Care","Beauty & Personal Care",
"sonny angel","Women's Apparel","Toys, Kids & Babies","Toys, Kids & Babies",
"recoil sg","Sports & Outdoors","Sports & Outdoors",,
"nokia wifi beacon 2","Mobile & Gadgets","Computers & Peripherals",,
"advent calendar 2022 singapore","Jewellery & Accessories",,,
"sonny angel","Hobbies & Books","Toys, Kids & Babies","Toys, Kids & Babies",
"limited edt sg","Food & Beverages","Beauty","Beauty","Beauty"
"t100 karaoke","Food & Beverages","Audio","Audio","Audio"
"nokia wifi beacon 2","Dining, Travel & Services","Computers & Peripherals",,
"resort world cruise","Beauty & Personal Care","Tickets, Vouchers & Services","Tickets, Vouchers & Services","Mom & Baby"
"haerin","Hobbies & Books",,"Hobbies & Collections",
"nothing phone 2 singapore","Mobile & Gadgets",,,
"ang mo supermarket","Home & Living",,"Food & Beverages",
"3ce lipstick","Beauty & Personal Care","Beauty & Personal Care","Beauty & Personal Care",
"coklat ferrero","Food & Beverages",,"Food & Beverages",
"ball and chain bag","Women's Bags","Hobbies & Collections","Fashion Accessories","Women Bags"
"monsgeek m1","Computers & Peripherals",,"Computers & Accessories",
"dried vegetables","Food & Beverages","Food & Beverages","Food & Beverages",
"ball and chain bag","Women's Bags","Hobbies & Collections","Fashion Accessories","Women Bags"
"biodance collagen mask","Beauty & Personal Care","Beauty","Beauty","Beauty"
"olive tin","Beauty & Personal Care","Food & Beverages","Beauty & Personal Care",
"biodance collagen mask","Health & Wellness","Beauty","Beauty","Beauty"
"way of wade 10","Others",,"Sports & Outdoors",
"canva pro","Dining, Travel & Services","Men's Wear","Computers & Peripherals",
"seiko nautilus","Watches","Watches","Watches","Watches"
"earfun","Mobile & Gadgets","Mobile & Gadgets","Mobile & Gadgets",
"scarlett supermarket near me","Food & Beverages",,,
"revosit","Health & Wellness","Health & Wellness","Health & Wellness",
"starbuck blackpink","Home & Living","Home & Living","Home & Living",
"anvers","Mobile & Gadgets","Mobile & Gadgets","Mobile & Gadgets","Sports & Outdoors"
"jia vin bakery","Food & Beverages","Food & Beverages","Food & Beverages","Food & Beverages"
"kebaya merah","Women's Apparel","Women's Apparel","Women's Apparel",
"keelat","Home Appliances","Home Appliances","Sports & Outdoors",
"black friday cyber monday","Platform Terms (Lazada / Shopee)","Home & Living",,
"mustafa online","Platform Terms (Lazada / Shopee)",,"Home & Living",
"nfl jersey","Sports & Outdoors","Sports & Outdoors","Sports & Outdoors","Sports & Outdoors"
"new balance 480","Men's Shoes","Women's Shoes","Sports & Outdoors",
"haus labs","Beauty & Personal Care","Beauty & Personal Care",,
"shower holder","Home & Living","Home & Living","Home & Living","Home & Living"
"apple iphone 14","Mobile & Gadgets","Mobile & Gadgets","Mobile & Gadgets","Mobile & Gadgets"
"non camera smartphone","Mobile & Gadgets","Cameras & Drones",,
"seahorse mattress","Home & Living","Home & Living","Home & Living","Home & Living"
"sea aquarium tickets","Dining, Travel & Services","Dining, Travel & Services","Dining, Travel & Services",
"xiaomi wireless earbuds","Mobile & Gadgets","Mobile & Gadgets","Mobile & Gadgets",
"manic panic singapore","Beauty & Personal Care",,,
"ez charm","Hobbies & Books","Hobbies & Books","Hobbies & Books",
"seller","Platform Terms (Lazada / Shopee)","Home & Living",,
"sona","Home Appliances","Home Appliances","Home Appliances","Home Appliances"
"stevia singapore","Food & Beverages","Food & Beverages","Food & Beverages","Food & Beverages"
"gadget plus","Mobile & Gadgets",,"Mobile & Gadgets",
"axtro sports","Mobile & Gadgets","Mobile & Gadgets",,
"fridge","Home Appliances","Home Appliances","Home Appliances","Home Appliances"
"click and grow singapore","Home & Living",,,
"ezlink shop","Hobbies & Books","Women's Bags","Women's Bags",
"playpen singapore","Toys, Kids & Babies",,"Toys, Kids & Babies",
"door viewer camera","Cameras & Drones","Home & Living","Home & Living","Home & Living"
"best bargain computers pte ltd","Computers & Peripherals",,,
"cooler box","Sports & Outdoors","Home & Living","Home & Living","Home & Living"
"battery tester","Automotive","Home Appliances","Home & Living","Automotive"
"sony mobile singapore","Mobile & Gadgets","Mobile & Gadgets",,
"headphones singapore","Mobile & Gadgets","Mobile & Gadgets",,
"paint - brush","Home & Living",,,
"diptyque","Beauty & Personal Care","Beauty & Personal Care","Beauty & Personal Care","Beauty & Personal Care"
"mac cosmetics","Beauty & Personal Care","Beauty & Personal Care","Beauty & Personal Care",
"sharp+microwave","Home Appliances","Home Appliances","Home Appliances","Home & Living"
"see’s candies","Food & Beverages","Food & Beverages","Food & Beverages",
"sheng siong voucher","Dining, Travel & Services",,"Health & Wellness",
"baby mattress singapore","Toys, Kids & Babies","Toys, Kids & Babies",,
"dyson hair dryer singapore","Home Appliances",,"Home Appliances",
"fsl lighting","Home & Living",,"Home & Living",
"born in colour","Home & Living","Home & Living","Home & Living",
"immunped singapore","Health & Wellness",,"Health & Wellness",
"charity organizations in singapore","Lifestyle",,,
"workout bench","Sports & Outdoors","Sports & Outdoors","Sports & Outdoors",
"taka jewellery","Jewellery & Accessories","Jewellery & Accessories","Jewellery & Accessories",
"best place to date in singapore","Lifestyle",,,
"magnetic board","Home & Living","Home & Living","Home & Living",
"folding bed singapore","Home & Living","Home & Living","Home & Living",
"green party singapore","Home & Living",,"Home & Living",
"figurine","Hobbies & Books","Home & Living","Home & Living",
"curtain","Home & Living","Home & Living","Home & Living","Home & Living"
"mipad 4","Mobile & Gadgets",,"Mobile & Gadgets",
"curtain","Home & Living","Home & Living","Home & Living","Home & Living"
"light stax","Toys, Kids & Babies","Toys, Kids & Babies",,
"innisfree","Beauty & Personal Care","Beauty & Personal Care","Beauty & Personal Care","Beauty & Personal Care"
"stamford tyres","Automotive","Automotive","Automotive",
"giant bicycle singapore","Sports & Outdoors",,"Sports & Outdoors",
"jaben","Mobile & Gadgets","Mobile & Gadgets",,
"xiaomi redmi note 8","Mobile & Gadgets","Mobile & Gadgets","Mobile & Gadgets",
"night light singapore","Home & Living","Home & Living","Home & Living",
"hollow knight switch","Video Games","Video Games","Video Games",
"samsung note 3 battery singapore","Mobile & Gadgets",,,
"placemat","Home & Living","Home & Living","Home & Living","Home & Living"
"lamy singapore","Home & Living","Home & Living",,
"innisfree","Beauty & Personal Care","Beauty & Personal Care","Beauty & Personal Care","Beauty & Personal Care"
"giant bicycle singapore","Sports & Outdoors",,"Sports & Outdoors",
"sg wolf","Women's Bags","Fashion Accessories","Food & Beverages","Food & Beverages"
"nakamichi nm-tw1126 review","Mobile & Gadgets",,,
"cerave sa cleanser","Beauty & Personal Care","Beauty & Personal Care","Beauty & Personal Care","Beauty & Personal Care"
"asrock b450m pro4","Computers & Peripherals","Computers & Peripherals","Computers & Peripherals",
"online groceries singapore","Others",,,
"biosys hair tonic","Beauty & Personal Care","Beauty & Personal Care","Beauty & Personal Care","Beauty & Personal Care"
"merida singapore","Sports & Outdoors","Sports & Outdoors",,
"daikin ac remote control","Home Appliances","Home Appliances","Home Appliances",
"toys or games","Video Games","Hobbies & Books",,
"xtreme solution","Computers & Peripherals","Computers & Peripherals","Computers & Peripherals",
"face+paint","Beauty & Personal Care","Beauty","Beauty","Beauty"
"led strip","Home & Living","Home & Living","Home & Living","Home & Living"
"mpow","Mobile & Gadgets","Mobile & Gadgets","Mobile & Gadgets","Mobile & Gadgets"
"kanken sling bag","Women's Bags","Women's Bags","Women's Bags","Women's Bags"
"led strip","Home & Living","Home & Living","Home & Living","Home & Living"
"urban mood singapore","Home & Living",,,
"p43 pro price in singapore","Mobile & Gadgets",,,
"eurotex","Home & Living","Home & Living","Home & Living",
"anello","Women's Bags","Women's Bags","Women's Bags",
"aprilskin turn up color cream","Beauty & Personal Care","Beauty & Personal Care",,
"bowflex singapore","Sports & Outdoors","Sports & Outdoors",,
"pee tray","Pet Food & Supplies","Pet Food & Supplies","Pet Food & Supplies","Pet Food & Supplies"
"hbada chair","Home & Living","Home & Living","Home & Living",
"b450 tomahawk max","Computers & Peripherals","Computers & Peripherals","Computers & Peripherals",
"delivery box","Home & Living","Home & Living","Automotive","Automotive"
"korean facemask","Beauty & Personal Care","Home & Living","Health & Wellness",
"audio cable 3.5 mm","Mobile & Gadgets","Mobile & Gadgets","Mobile & Gadgets",
"wardrobes singapore","Home & Living","Home & Living","Home & Living","Home & Living"
"ferrero rocher ice cream","Food & Beverages","Food & Beverages",,
"cargo pants womens","Women's Apparel","Women's Apparel","Women's Apparel",
"t2","Food & Beverages","Food & Beverages","Food & Beverages",
"modori","Home & Living","Home & Living","Home & Living",
"best mascara asian lashes","Beauty & Personal Care",,,
"desktop shelf","Home & Living","Home & Living","Home & Living",
"axis y","Beauty & Personal Care","Beauty & Personal Care","Beauty & Personal Care","Beauty & Personal Care"
"car sunshade","Automotive","Automotive","Automotive",
"sound proof foam","Home & Living","Hobbies & Books","Home & Living","Home & Living"
"wardrobes singapore","Home & Living","Home & Living","Home & Living","Home & Living"
"electric scooters singapore","Sports & Outdoors","Sports & Outdoors","Sports & Outdoors","Health"
"aftershokz singapore","Mobile & Gadgets","Audio","Audio","Audio"
"desk shelve","Home & Living","Home & Living",,
"logitech g915","Computers & Peripherals","Computers & Peripherals","Computers & Peripherals",
"avolta portable aircon","Home Appliances","Home Appliances","Home Appliances",
"movable table","Home & Living","Home & Living","Home & Living","Home & Living"
"korean facemask","Health & Wellness","Home & Living","Health & Wellness",
"microscope singapore","Toys, Kids & Babies","Toys, Kids & Babies",,
"menstrual cup singapore","Health & Wellness",,"Beauty & Personal Care",
"misty dream","Home & Living","Home & Living",,
"sterra sg","Home Appliances","Home Appliances","Home Appliances","Home Appliances"
"hengai","Home & Living",,"Beauty & Personal Care",
"bubble bath","Beauty & Personal Care","Beauty & Personal Care","Beauty & Personal Care","Beauty & Personal Care"
"hysses diffuser","Home & Living","Home & Living","Home & Living","Home & Living"
"single mattress singapore","Home & Living","Home & Living",,
"surgisyl","Health & Wellness","Health & Wellness","Health & Wellness",
"madshrimp","Pet Food & Supplies","Pet Food & Supplies",,
"red magic 6 pro","Mobile & Gadgets","Mobile & Gadgets","Mobile & Gadgets",
"bicycle fold","Sports & Outdoors","Sports & Outdoors",,
"sterra sg","Home Appliances","Home Appliances","Home Appliances","Home Appliances"
"weight plates","Sports & Outdoors","Sports & Outdoors","Sports & Outdoors",
"hysses diffuser","Home & Living","Home & Living","Home & Living","Home & Living"
"beef short ribs singapore","Food & Beverages",,,
"weight plates","Sports & Outdoors","Sports & Outdoors","Sports & Outdoors",
"transtar travel vtl ticket booking","Dining, Travel & Services",,,
"teenager bra","Kids Fashion","Women's Apparel","Women's Apparel","Women's Apparel"
"carpets for living room","Home & Living","Home & Living","Home & Living",
"laneign","Beauty & Personal Care","Beauty & Personal Care","Beauty & Personal Care",
"nerf guns","Toys, Kids & Babies","Toys, Kids & Babies","Toys, Kids & Babies",
"car pow","Automotive","Automotive","Automotive",
"bachacoffee","Food & Beverages","Food & Beverages",,
"engraving machine","Computers & Peripherals","Home Appliances","Home Appliances","Home Appliances"
"haiku fan singapore","Home Appliances",,,
"samsung galaxy watch 4","Mobile & Gadgets","Mobile & Gadgets","Mobile & Gadgets",
"starbucks toffee nut latte","Food & Beverages","Food & Beverages","Food & Beverages","Food & Beverages"
"bromton bike","Sports & Outdoors","Sports & Outdoors",,
"daun sanna","Health & Wellness","Health & Wellness","Health & Wellness","Health & Wellness"
"teachers' day gift idea singapore","Lifestyle",,,
"superga shoes","Women's Shoes","Women's Shoes","Women's Shoes",
"clorex","Home & Living","Home & Living",,
"boxes for gifts","Home & Living","Home & Living","Home & Living",
"we re not really strangers","Hobbies & Books","Hobbies & Books","Hobbies & Books","Hobbies & Books"
"hand held mixer","Home Appliances","Home Appliances","Home Appliances",
"epomaker","Computers & Peripherals","Computers & Peripherals",,
"we re not really strangers","Hobbies & Books","Hobbies & Books","Hobbies & Books","Hobbies & Books"
"epitex pillow review","Home & Living",,,
"healthier choice snacks","Food & Beverages","Food & Beverages","Food & Beverages",
"ohora","Beauty & Personal Care","Beauty & Personal Care","Beauty & Personal Care","Beauty & Personal Care"
"coconut shake recipe","Lifestyle",,,
"yusheng delivery","Food & Beverages",,"Food & Beverages",
"pure dhab","Health & Wellness","Health & Wellness","Health & Wellness",
"fila backpack","Women's Bags","Women's Bags","Women's Bags",
"reusable film camera","Cameras & Drones","Cameras & Drones","Cameras & Drones",
"samsung galaxy s21 ultra singapore","Mobile & Gadgets",,,
"3d2n staycation singapore","Dining, Travel & Services","Dining, Travel & Services",,
"hot pockets singapore","Sports & Outdoors",,,
"metal coat hanger wall","Home & Living",,,
"rigel toilet bowl","Home & Living","Home & Living","Home & Living",
"veja singapore","Women's Shoes","Men Clothes","Beauty","Beauty"
"ohora","Beauty & Personal Care","Beauty & Personal Care","Beauty & Personal Care","Beauty & Personal Care"
"fila backpack","Women's Bags","Women's Bags","Women's Bags",
"wall light singapore","Home & Living","Home & Living",,
"promask face mask","Health & Wellness",,,
"the grey space","Women's Bags","Home & Living","Women's Bags",
"velkhana","Video Games","Hobbies & Books","Hobbies & Books",
"crius folding bike","Sports & Outdoors","Sports & Outdoors","Sports & Outdoors",
"playhao","Toys, Kids & Babies","Toys, Kids & Babies",,
"mobilerelation","Mobile & Gadgets","Mobile & Gadgets","Mobile & Gadgets",
"ensure life","Health & Wellness","Health & Wellness","Health & Wellness","Health & Wellness"
"neuflo uses","Health & Wellness",,,
"g pro wireless","Computers & Peripherals","Computers & Peripherals","Computers & Peripherals",
"tube cup","Home & Living",,"Home & Living",
"meguri","Food & Beverages","Women's Apparel","Beauty & Personal Care",
"bladeless fan singapore","Home Appliances","Home Appliances","Mobile & Gadgets",
"tube cup","Home & Living",,"Home & Living",
"iris healthcare mask","Health & Wellness","Health & Wellness","Health & Wellness","Health & Wellness"
"home office desk singapore","Home & Living",,,
"mylatex mattress singapore","Home & Living",,,
"pixel 4a 5g singapore","Mobile & Gadgets",,,
"moka pot singapore","Home & Living","Home & Living",,
"monkey shoulder","Food & Beverages","Food & Beverages","Food & Beverages","Food & Beverages"
"iphone 12 pro max price","Mobile & Gadgets","Mobile & Gadgets","Mobile & Gadgets",
"gunpla singapore","Hobbies & Books","Hobbies & Books",,
"plastic chair","Home & Living","Home & Living","Home & Living","Home & Living"
"blue light glasses singapore","Jewellery & Accessories","Jewellery & Accessories",,
"led string lights","Home & Living","Home & Living","Home & Living",
"web camera","Computers & Peripherals","Computers & Peripherals","Computers & Peripherals",
"foldable trolley","Home & Living","Home & Living","Home & Living","Home & Living"
"sunday bedding","Home & Living","Home & Living","Home & Living",
"asus rog zephyrus g14","Computers & Peripherals","Computers & Peripherals","Computers & Peripherals",
"yale digital lock singapore","Home & Living",,,
"ikea sg online","Home & Living",,,
"hair crimper","Home Appliances","Beauty & Personal Care","Beauty & Personal Care",
"baby breath","Home & Living","Home & Living","Home & Living",
"g shock sg","Watches","Watches",,
"hand bag singapore","Women's Bags","Women's Bags","Women's Bags",
"shopping trolley cart","Home & Living","Home & Living","Home & Living",
"foot massager","Health & Wellness","Health & Wellness","Health & Wellness","Health & Wellness"
"web camera","Computers & Peripherals","Computers & Peripherals","Computers & Peripherals",
"tanyu","Home & Living","Home & Living",,
"l spa","Sports & Outdoors","Health & Wellness",,
"g shock sg","Watches","Watches",,
"redmi 9","Mobile & Gadgets","Mobile & Gadgets","Mobile & Gadgets","Mobile & Gadgets"
"basketball shoes singapore","Sports & Outdoors","Sports & Outdoors","Sports & Outdoors",
"lenovo legion 5","Computers & Peripherals","Computers & Peripherals","Computers & Peripherals",
"eazea","Home & Living","Home & Living","Jewellery & Accessories",
"yale digital lock singapore","Home & Living",,,
"febreze spray","Home & Living","Home & Living","Home & Living",
"wh1000xm4","Mobile & Gadgets","Mobile & Gadgets","Mobile & Gadgets",
"water taps","Home & Living","Home & Living",,
"double wall glasses","Home & Living","Home & Living","Home & Living",
"poly mailers","Home & Living","Home & Living","Home & Living",
"mi 11","Mobile & Gadgets","Mobile & Gadgets","Computers & Peripherals",
"bed for kids","Home & Living","Toys, Kids & Babies","Toys, Kids & Babies",
"cooling pad","Computers & Peripherals","Computers & Peripherals","Computers & Peripherals",
"poly mailing bags","Home & Living","Home & Living","Home & Living",
"wall shelves","Home & Living","Home & Living","Home & Living",
"rain coat","Home & Living","Home & Living","Automotive",
"cny 2022","Home & Living","Food & Beverages",,
"ogawa massage chair singapore","Home & Living",,,
"sacha inchi oil singapore","Health & Wellness","Health","Beauty","Beauty"
"bibik's choice chicken patty","Food & Beverages","Food & Beverages","Pets","Pets"
"octonauts toys","Toys, Kids & Babies","Toys, Kids & Babies","Toys, Kids & Babies",
"fire extinguisher","Home & Living","Home & Living","Home & Living","Home & Living"
"adidas continental 80","Women's Shoes","Men's Shoes","Men's Shoes",
"redmi9","Mobile & Gadgets","-","-",
"joseph joseph chopping board","Home & Living","Home & Living","Home & Living",
"mahjong keycaps","Computers & Peripherals","Computers & Peripherals",,
"hanfu","Women's Apparel","Women's Apparel","Women's Apparel","Women's Apparel"
"christmas cards singapore","Home & Living","Home & Living","Home & Living",
"cockroach spray","Home & Living","Home & Living","Home & Living",
"why mobile","Mobile & Gadgets","Mobile & Gadgets",,
"tretinoin singapore","Others","Books & Magazines","Hobbies & Collections","Hobbies & Collections"
"vtl transtar","Dining, Travel & Services","Books & Magazines","Books & Magazines","Books & Magazines"
"monitor 34 inch","Computers & Peripherals","Computers & Peripherals","Computers & Peripherals",
"fake flower","Home & Living","Home & Living","Home & Living","Home & Living"
"karaoke at home","Home Appliances","Mobile & Gadgets","Mobile & Gadgets",
"4k monitor 32 inch","Computers & Peripherals","Computers & Peripherals","Computers & Peripherals",
"phone watch","Mobile & Gadgets","Mobile & Gadgets","Mobile & Gadgets",
"wood shelf","Home & Living","Home & Living","Home & Living",
"haji lane cafe","Lifestyle",,,
"sleeping bra","Women's Apparel","Women's Apparel","Women's Apparel",
"wooden tray","Home & Living","Home & Living","Home & Living","Home & Living"
"chloe bag","Women's Bags","Women's Bags","Women's Bags",
"postcards singapore","Home & Living","Hobbies & Books","Home & Living",
"slack pants","Men's Wear","Men's Wear","Men's Wear",
"aircon system 3","Home Appliances","Home Appliances","Home Appliances",
"toilet accessories","Home & Living","Home & Living","Home & Living",
"xxx hot","Food & Beverages","Mobile & Gadgets","Women Clothes","Women Clothes"
"de longhi kettle","Home Appliances","Home Appliances","Home Appliances",
"cinammon toast crunch","Food & Beverages",,"Food & Beverages",
"disposal gloves","Home & Living","Home & Living","Men's Wear",
"laptop bed table","Home & Living","Home & Living","Home & Living",
"desktop organizers","Home & Living","Home & Living","Home & Living",
"jacket waterproof","Sports & Outdoors","Men's Wear","Men's Wear",
"a5 notebooks","Home & Living","Home & Living","Home & Living","Home & Living"
"wood polish","Home & Living","Home & Living","Home & Living",
"excel hana","Health & Wellness","Health & Wellness","Health & Wellness",
"hdmi displayport adapter","Computers & Peripherals","Computers & Peripherals","Computers & Peripherals",
"sambazon acai","Food & Beverages","Food & Beverages","Food & Beverages","Food & Beverages"
"plastic storage box","Home & Living","Home & Living","Home & Living","Home & Living"
"3 wheel bicycle for adults singapore","Sports & Outdoors",,,
"hdmi displayport adapter","Computers & Peripherals","Computers & Peripherals","Computers & Peripherals",
"herb singapore","Health & Wellness","Health & Wellness",,
"popmart","Hobbies & Books","Hobbies & Books","Hobbies & Books",
"iron board","Home & Living","Home & Living","Home & Living","Home & Living"
"stool chairs","Home & Living","Home & Living",,
"marble round dining table","Home & Living","Home & Living","Home & Living",
"carera","Home & Living","Home & Living","Women's Apparel",
"bottle shaker","Sports & Outdoors","Sports & Outdoors","Sports & Outdoors",
"laptop covers","Computers & Peripherals","Computers & Peripherals","Computers & Peripherals",
"rayban","Jewellery & Accessories","Jewellery & Accessories","Jewellery & Accessories",
"baker's brew","Food & Beverages","Food & Beverages","Food & Beverages",
"cropped long sleeve top","Women's Apparel","Women's Apparel","Women's Apparel",
"dish washer bosch","Home Appliances","Home & Living",,
"fujifilm instax mini evo","Cameras & Drones","Cameras & Drones","Cameras & Drones","Cameras & Drones"
"popin cookin","Food & Beverages","Food & Beverages","Food & Beverages",
"lighting softbox","Cameras & Drones","Cameras & Drones","Cameras & Drones",
"dior lip glow","Beauty & Personal Care","Beauty & Personal Care","Beauty & Personal Care",
"utsukushhii","Health & Wellness","Health & Wellness","Health & Wellness",
"transformer step down","Home Appliances","Home Appliances","Toys, Kids & Babies",
"x box 360 controller","Video Games","Video Games","Video Games",
"dish washer bosch","Home Appliances","Home & Living",,
"honey comb wok","Home & Living","Home & Living","Home & Living",
"nike dunk low black and white","Sports & Outdoors","Men's Shoes","Sports & Outdoors",
"capirox 20","Health & Wellness","Health & Wellness","Health & Wellness","Health & Wellness"
"spatula for frying","Home & Living","Home & Living","Home & Living",
"shorts pants","Women's Apparel","Men's Wear","Men's Wear",
"container tupperware","Home & Living","Home & Living","Home & Living",
"reuseable bag","Home & Living","Home & Living","Home & Living",
"epson projector","Computers & Peripherals","Computers & Peripherals","Computers & Peripherals",
"3 wheel bicycle","Sports & Outdoors","Sports & Outdoors","Sports & Outdoors",
"bird spikes","Home & Living","Home & Living","Home & Living",
"biotine ointment","Health & Wellness","Health & Wellness",,
"soundproofing material","Home & Living","Home & Living","Home & Living",
"best wifi mesh singapore","Computers & Peripherals",,,
"billie eilish singapore","Hobbies & Books",,,
"flared pants","Women's Apparel","Women's Apparel","Women's Apparel","Women's Apparel"
"small sofabed","Home & Living","Home & Living",,
"blushers","Beauty & Personal Care","Beauty & Personal Care","Beauty & Personal Care",
"kh cycle","Sports & Outdoors","Sports & Outdoors","Sports & Outdoors",
"computer bag","Computers & Peripherals","Computers & Peripherals","Computers & Peripherals",
"bento box disposable","Home & Living","Home & Living","Home & Living","Home & Living"
"air force 1 white","Sports & Outdoors","Women's Shoes","Women's Shoes",
"poco sg","Mobile & Gadgets",,"Mobile & Gadgets",
"purtier placenta price singapore","Health & Wellness",,,
"xiaomi speaker bluetooth","Mobile & Gadgets","Mobile & Gadgets","Mobile & Gadgets",
"panda mart","Food & Beverages","Food & Beverages",,
"romantic restaurants singapore","Lifestyle",,,
"partywholesale","Home & Living","Home & Living",,
"fan heater","Home Appliances","Home Appliances",,
"durex play vibrations","Health & Wellness","Miscellaneous","Miscellaneous",
"minihelpers","Home Appliances","Home Appliances","Home Appliances",
"foldable keyboard","Computers & Peripherals","Computers & Peripherals","Computers & Peripherals",
"kemei hair clipper","Beauty & Personal Care","Beauty & Personal Care","Beauty & Personal Care",
"giant pop it","Toys, Kids & Babies","Toys, Kids & Babies","Toys, Kids & Babies","Toys, Kids & Babies"
"24 inch bicycle","Sports & Outdoors","Sports & Outdoors","Sports & Outdoors","Sports & Outdoors"
"giken trolley","Home & Living","Home & Living","Home & Living",
"sofa throws","Home & Living","Home & Living","Home & Living",
"bosch hob induction","Home Appliances","Home Appliances","Home Appliances",
"mooncake singapore","Food & Beverages","Food & Beverages","Food & Beverages",
"wacol bra","Women's Apparel","Women's Apparel",,
"orthopedic pillow","Home & Living","Home & Living","Home & Living",
"bathroom door","Home & Living","Home & Living","Home & Living",
"cheese cloth","Home & Living","Home & Living","Home & Living","Home & Living"
"northsea","Food & Beverages","Food & Beverages","Food & Beverages",
"nike cortez women","Women's Shoes","Men's Shoes","Sports & Outdoors",
"singapore walkie talkie","Mobile & Gadgets",,"Mobile & Gadgets",
"outdoor shoe cabinet singapore","Home & Living","Home & Living",,
"wood sticks","Home & Living","Home & Living","Beauty & Personal Care",
"portable sauna","Home Appliances","Health & Wellness","Home & Living",
"xiaomi ultrasonic cleaner","Mobile & Gadgets","Home & Living","Home & Living",
"golf bag","Sports & Outdoors","Sports & Outdoors","Sports & Outdoors","Sports & Outdoors"
"how to cook canned abalone","Food & Beverages",,,
"pots for plants","Home & Living","Home & Living","Home & Living",
"shi jia ke","Food & Beverages","Food & Beverages",,
"winter time singapore","Travel & Luggage",,"Men's Wear",
"lenovo desktop","Computers & Peripherals","Computers & Peripherals","Computers & Peripherals",
"wheat flour singapore","Food & Beverages",,,
"watson art test kit","Health & Wellness","Health",,
"armani yulong","Beauty & Personal Care","Beauty & Personal Care","Beauty & Personal Care",
"warriors shoes","Men's Shoes","Men's Shoes",,
"tvbox","Home & Living","Home Appliances","Home Appliances",
"mansa computers","Computers & Peripherals","Computers & Peripherals",,
"rafia string","Home & Living","Home & Living","Home & Living",
"housewarming gifts","Home & Living","Home & Living",,
"miracle coffee","Food & Beverages","Food & Beverages",,
"nike bags","Sports & Outdoors","Women's Bags","Women's Bags",
"clio","Beauty & Personal Care","Beauty & Personal Care","Beauty & Personal Care","Beauty & Personal Care"
"eu yang sang","Health & Wellness","Health & Wellness","Toys, Kids & Babies",
"orita detergent","Home & Living","Home & Living","Home & Living",
"dimoo jurassic world","Hobbies & Books",,"Hobbies & Collections",
"cushion sofa","Home & Living","Home & Living","Home & Living",
"scholl shoe","Women's Shoes","Women's Shoes","Women's Shoes",
"mcdonald's curry sauce bottle","Food & Beverages","Food & Beverages","Food & Beverages","Mobile & Gadgets"
"jelly fruit","Food & Beverages","Food & Beverages","Food & Beverages","Food & Beverages"
"louis vuitton men wallet","Men's Bags","Men's Bags","Men's Bags",
"mlb caps","Jewellery & Accessories","Jewellery & Accessories",,
"dimsum halal","Food & Beverages","Food & Beverages",,
"warriors shoes","Kids Fashion","Men's Shoes",,
"mansa computers","Computers & Peripherals","Computers & Peripherals",,
"tvbox","Home Appliances","Home Appliances","Home Appliances",
"now foods singapore","Health & Wellness","Food & Beverages","Pets","Pets"
"dyson purifiers","Home Appliances","Home Appliances",,
"ma ma lemon","Home & Living","Home Appliances",,
"laptop bag women","Women's Bags","Computers & Peripherals","Computers & Peripherals",
"nike bags","Women's Bags","Women's Bags","Women's Bags",
"kappa.","Men's Shoes","Sports & Outdoors","Women's Shoes",
"japanplug","Mobile & Gadgets","Mobile & Gadgets","Mobile & Gadgets","Mobile & Gadgets"
"hair clippers","Beauty & Personal Care","Beauty & Personal Care","Beauty & Personal Care",
"addidas ultra boost","Men's Shoes","Men's Shoes",,
"artbox korea","Lifestyle","Home & Living",,
"jelly bunnies","Toys, Kids & Babies","Women's Shoes","Pet Food & Supplies",
"baabaasheepz","Toys, Kids & Babies","Toys, Kids & Babies","Toys, Kids & Babies","Toys, Kids & Babies"
"nuxe singapore","Beauty & Personal Care",,"Women's Bags",
"japanplug","Travel & Luggage","Mobile & Gadgets","Mobile & Gadgets","Mobile & Gadgets"
"block 123","Toys, Kids & Babies","Mom & Baby","Hobbies & Collections","Home & Living"
"x-treme solution","Computers & Peripherals",,"Computers & Peripherals",
"drain cover singapore","Home & Living","Home & Living",,
"jelly bunnies","Women's Shoes","Women's Shoes","Pet Food & Supplies",
"vacuum travel bags","Travel & Luggage","Home & Living","Home & Living",
"the daily blooms","Home & Living","Home & Living",,
"time travel luggage","Travel & Luggage","Travel & Luggage","Travel & Luggage","Baby & Kids Fashion"
"luggage scooter","Travel & Luggage","Travel & Luggage","Sports & Outdoors",
"soybean milk maker","Home Appliances","Home Appliances","Home Appliances",
"nerdy bag","Women's Bags","Women's Bags",,
"reebok club c 85 singapore","Men's Shoes","Women Shoes","Sports & Outdoors",
"uruhime momoko","Health & Wellness",,"Health & Wellness",
"japanese hentai","Automotive","Men Clothes","Hobbies & Collections","Automobiles"
"lg 65 inch tv","Home Appliances","Home Appliances","Home Appliances",
"door seal bottom","Home & Living","Home & Living","Home & Living",
"raph and remy","Kids Fashion","-",,
"10lbs","Health & Wellness",,"Sports & Outdoors",
"hologram projector","Computers & Peripherals","Computers & Peripherals","Toys, Kids & Babies",
"nutrition kitchen","Home & Living",,"Home & Living",
"oasis la bella","Beauty & Personal Care","Beauty & Personal Care","Beauty & Personal Care",
"icc esim","Dining, Travel & Services","Mobile & Gadgets","Mobile & Gadgets","Mobile & Gadgets"
"jabra elite 3","Mobile & Gadgets","Mobile & Gadgets","Mobile & Gadgets","Mobile & Gadgets"
"on shoes singapore","Home & Living","Men Shoes","Men Shoes","Men Shoes"
"takis","Food & Beverages","Hobbies & Books","Food & Beverages","Food & Beverages"
"potato farm","Food & Beverages","Food & Beverages","Food & Beverages",
"jabra elite 3","Mobile & Gadgets","Mobile & Gadgets","Mobile & Gadgets","Mobile & Gadgets"
"on shoes singapore","Food & Beverages","Men Shoes","Men Shoes","Men Shoes"
"icc esim","Dining, Travel & Services","Mobile & Gadgets","Mobile & Gadgets","Mobile & Gadgets"
"takis","Beauty & Personal Care","Hobbies & Books","Food & Beverages","Food & Beverages"
"muji luggage","Travel & Luggage","Travel & Luggage","Travel & Luggage",
"muji luggage","Travel & Luggage","Travel & Luggage","Travel & Luggage",
"japan plug.","Travel & Luggage",,,
"muji luggage","Travel & Luggage","Travel & Luggage","Travel & Luggage",
"oxysept","Beauty & Personal Care","Beauty & Personal Care","Beauty & Personal Care","Beauty & Personal Care"
"japan plug.","Mobile & Gadgets",,,
"muji luggage","Travel & Luggage","Travel & Luggage","Travel & Luggage",
"mediheal toner pads","Beauty & Personal Care","Beauty","Beauty","Beauty"
"lky coin price","Hobbies & Books",,,
"mediheal toner pads","Beauty & Personal Care","Beauty","Beauty","Beauty"
"kopiko coffee","Food & Beverages","Food & Beverages",,
"easybreath","Sports & Outdoors","Sports & Outdoors","Sports & Outdoors",
"the paper bunny singapore","Women's Bags","Home & Living","Women Bags","Women Bags"
"challenger online","Platform Terms (Lazada / Shopee)","Computers & Peripherals",,
"bugaboo","Toys, Kids & Babies","Toys, Kids & Babies","Toys, Kids & Babies",
"emis korea","Men's Wear",,"Women's Bags",
"dji osmo pocket 3 singapore","Cameras & Drones","Cameras & Drones","Cameras & Drones","Cameras & Drones"
"blue elephant glasses","Jewellery & Accessories","Jewellery & Accessories","Jewellery & Accessories",
"草莓熊","Toys, Kids & Babies","Mobile & Gadgets",,
"172 days","Hobbies & Books","Home & Living","Home & Living","Home & Living"
"balloon stand","Home & Living","Home & Living","Home & Living","Home & Living"
"blue elephant glasses","Jewellery & Accessories","Jewellery & Accessories","Jewellery & Accessories",
"sonny angel singapore","Hobbies & Books",,,
"airtumtec","Home Appliances","Health","Health","Health"
"hydraulic storage bed frame singapore","Home & Living",,,
"ladyyuan","Others","Mom & Baby","Computers & Accessories","Computers & Accessories"
"lg wing","Mobile & Gadgets","Mobile & Gadgets","Mobile & Gadgets",
"honor watch 4","Watches","Mobile & Gadgets","Mobile & Gadgets","Mobile & Gadgets"
"fragrance mooncake","Food & Beverages",,"Home & Living",
"lg wing","Mobile & Gadgets","Mobile & Gadgets","Mobile & Gadgets",
"treadmill","Sports & Outdoors","Sports & Outdoors","Sports & Outdoors",
"mijia","Home & Living","Home & Living","Home & Living",
"redman online","Food & Beverages","Men Clothes","Books & Magazines","Books & Magazines"
"digital clock singapore","Home & Living","Home & Living","Home & Living",
"data singapore prize","Others",,,
"uss ticket price","Dining, Travel & Services","Tickets, Vouchers & Services","Tickets, Vouchers & Services","Tickets, Vouchers & Services"
"nokia singapore","Mobile & Gadgets","Mobile & Gadgets","Mobile & Gadgets",
"legato largo","Women's Bags","Women's Bags","Women's Bags",
"nintendo switch sg","Video Games","Video Games",,
"bodyshop","Beauty & Personal Care","Beauty & Personal Care","Beauty & Personal Care",
"diaper bag","Toys, Kids & Babies","Toys, Kids & Babies","Toys, Kids & Babies","Toys, Kids & Babies"
"montbell singapore","Sports & Outdoors","Home & Living","Home & Living","Home & Living"
"xiaomi wireless power bank","Mobile & Gadgets","Mobile & Gadgets","Mobile & Gadgets",
"rog phone 2 singapore","Mobile & Gadgets",,,
"vibrator","Miscellaneous (Adult)","Miscellaneous","Miscellaneous","Miscellaneous"
"card games singapore","Hobbies & Books","Hobbies & Books","Hobbies & Books",
"airdots","Mobile & Gadgets","Mobile & Gadgets","Mobile & Gadgets","Mobile & Gadgets"
"eyelashes","Beauty & Personal Care","Beauty & Personal Care","Beauty & Personal Care",
"airdots","Mobile & Gadgets","Mobile & Gadgets","Mobile & Gadgets","Mobile & Gadgets"
"laptop table singapore","Computers & Peripherals","Home & Living","Home & Living",
"huawei shop singapore","Mobile & Gadgets",,"Mobile & Gadgets",
"tablet singapore","Mobile & Gadgets",,"Mobile & Gadgets",
"car seat cushion","Automotive","Automotive","Automotive",
"mahouka koukou no rettousei movie singapore","Hobbies & Books",,,
"farfalla upright freezer","Home Appliances","Home Appliances","Home Appliances",
"study table","Home & Living","Home & Living","Home & Living","Home & Living"
"tpms singapore","Automotive",,"Automotive",
"loft home furniture","Home & Living","Home & Living","Home & Living",
"singapore online store","Platform Terms (Lazada / Shopee)",,,
"tng mask","Health & Wellness","Home & Living","Home & Living",
"mk doorbell","Home & Living","Home & Living","Home & Living",
"xiaomi watch","Mobile & Gadgets","Mobile & Gadgets","Mobile & Gadgets","Mobile & Gadgets"
"water baby ball","Home & Living","Toys, Kids & Babies","Toys, Kids & Babies",
"telegram stickers singapore","Lifestyle",,,
"bluetooth adapter for pc","Computers & Peripherals","Mobile & Gadgets","Computers & Peripherals",
"electric scooter","Sports & Outdoors","Mobile & Gadgets","Sports & Outdoors",
"grab voucher","Dining, Travel & Services","Dining, Travel & Services","Dining, Travel & Services","Dining, Travel & Services"
"dahon singapore","Sports & Outdoors",,"Sports & Outdoors",
"xtreme","Computers & Peripherals","Mobile & Gadgets",,
"wine cellar","Home Appliances","Home Appliances","Home & Living",
"gloves singapore","Jewellery & Accessories",,"Home & Living",
"north face","Sports & Outdoors","Men's Wear","Men's Wear",
"car touch up paint","Automotive","Automotive","Automotive",
"foldable mattress","Home & Living","Home & Living","Home & Living","Home & Living"
"prism plus","Computers & Peripherals","Mobile & Gadgets","Computers & Peripherals",
"duria mooncake","Food & Beverages","Food & Beverages","Food & Beverages",
"promask","Health & Wellness","Beauty & Personal Care",,
"filter mask","Health & Wellness","Home & Living","Home & Living","Home & Living"
"slimmy milk tea","Health & Wellness","Health & Wellness","Health & Wellness",
"pinhole camera singapore","Home & Living","Cameras & Drones","Cameras & Drones","Cameras & Drones"
"elsa dress","Toys, Kids & Babies","Kids Fashion","Kids Fashion","Kids Fashion"
"buy copier","Home & Living","Stationery","Home & Living","Home & Living"
"promask","Health & Wellness","Beauty & Personal Care",,
"grocery delivery","Others","Home & Living","Home & Living",
"balmain bedsheet","Home & Living","Home & Living","Home & Living",
"rooibos tea singapore","Food & Beverages","Food & Beverages","Food & Beverages","Food & Beverages"
"jjobi box","Toys, Kids & Babies","Toys, Kids & Babies","Toys, Kids & Babies",
"champagne truffle mooncake","Food & Beverages","Food & Beverages","Food & Beverages",
"balmain bedsheet","Home & Living","Home & Living","Home & Living",
"bibigo","Food & Beverages","Food & Beverages","Food & Beverages","Food & Beverages"
"farm pride buffalo wings","Food & Beverages",,"Food & Beverages",
"neon lights","Home & Living","Home & Living","Home & Living","Home & Living"
"tollyjoy liquid cleanser","Toys, Kids & Babies","Toys, Kids & Babies","Toys, Kids & Babies","Toys, Kids & Babies"
"re zero","Hobbies & Books","Hobbies & Books","Hobbies & Books",
"wadrobe","Home & Living","Home & Living",,
"nitendo switch","Video Games","Video Games","Video Games",
"toto sgp","Home & Living",,,
"mini freezers","Home Appliances","Home Appliances","Home Appliances",
"mesh window","Home & Living","Home & Living","Home & Living",
"christmas hampers singapore","Home & Living","Food & Beverages","Food & Beverages","Food & Beverages"
"nintendo switch oled","Video Games","Video Games","Video Games","Video Games"
"ricky is clown","Men's Wear",,"Men's Wear",
"frusso","Health & Wellness","Health & Wellness","Health & Wellness","Health & Wellness"
"bakery","Food & Beverages","Food & Beverages","Food & Beverages",
"realme 5i","Mobile & Gadgets","Mobile & Gadgets","Mobile & Gadgets",
"bosh vacuum cleaner","Home Appliances",,"Home Appliances",
"porter singapore","Men's Bags",,"Dining, Travel & Services",
"asus rt ax88u","Computers & Peripherals","Computers & Peripherals","Computers & Peripherals",
"pop it singapore","Toys, Kids & Babies","Hobbies & Books",,
"bench dining","Home & Living","Home & Living","Home & Living",
"mistral singapore","Home Appliances",,"Home Appliances",
"quadlock singapore","Mobile & Gadgets","Motorcycles","Motorcycles","Motorcycles"
"white cream","Beauty & Personal Care","Beauty & Personal Care","Beauty & Personal Care",
"worldfarm","Home & Living",,"Home & Living",
"miu miu singapore","Women's Bags",,,
"spin fans","Home Appliances","Home Appliances","Home Appliances",
"milbon hair treatment","Beauty & Personal Care","Beauty & Personal Care","Beauty & Personal Care",
"bicycle locks","Sports & Outdoors","Sports & Outdoors","Sports & Outdoors","Sports & Outdoors"
"heniken","Food & Beverages","Food & Beverages","Food & Beverages",
"torch light","Sports & Outdoors","Sports & Outdoors","Sports & Outdoors","Sports & Outdoors"
"omnidesk kenshi","Home & Living","Home & Living","Home & Living",
"hdb door peephole camera","Cameras & Drones","Home Appliances","Home Appliances","Home Appliances"
"key caps","Computers & Peripherals","Computers & Peripherals","Computers & Peripherals",
"og singapore online","Home & Living",,,
"christian dior shoes","Women's Shoes","Women's Shoes","Men's Wear",
"lock n lock singapore","Home & Living",,"Sports & Outdoors",
"nike headband","Sports & Outdoors","Jewellery & Accessories","Jewellery & Accessories","Jewellery & Accessories"
"best chinese drama","Lifestyle",,,
"mixed nits","Food & Beverages","Food & Beverages",,
"wooden bowl","Home & Living","Home & Living","Home & Living","Home & Living"
"heniken","Food & Beverages","Food & Beverages","Food & Beverages",
"deep fryer singapore","Home Appliances","Home Appliances","Home & Living","Stationery"
"fitlion singapore","Sports & Outdoors","Hobbies & Books",,
"grass seed","Home & Living","Home & Living","Home & Living",
"headboards","Home & Living","Home & Living","Home & Living",
"cast iron wok singapore","Home & Living","Home & Living","Home & Living","Home & Living"
"cordless hair dryer","Home Appliances","Beauty & Personal Care","Home Appliances",
"hansvision px2201","Mobile & Gadgets","Toys, Kids & Babies","Toys, Kids & Babies",
"table lamp","Home & Living","Home & Living","Home & Living","Home & Living"
"vision empire healthcare masks","Health & Wellness","Health & Wellness",,
"transtar travel vtl bus ticket booking online","Dining, Travel & Services",,,
"bedsheets","Home & Living","Home & Living","Home & Living","Home & Living"
"eurotex singapore","Home & Living","Home & Living",,
"royal kludge","Computers & Peripherals","Computers & Peripherals","Computers & Peripherals",
"sanitizer singapore","Health & Wellness","Beauty & Personal Care",,
"chinese nude","Others",,,
"speaker with microphone","Mobile & Gadgets","Mobile & Gadgets",,
"mujji","Home & Living",,"Home & Living",
"portable air con singapore","Home Appliances","Home Appliances","Home Appliances",
"cup sleeve","Home & Living","Home & Living","Home & Living","Home & Living"
"ka detergent","Home & Living","Home & Living","Home & Living",
"transparent glasses frame","Jewellery & Accessories","Jewellery & Accessories","Jewellery & Accessories","Jewellery & Accessories"
"misting fan","Home Appliances","Home Appliances","Home Appliances",
"cabinet door handle","Home & Living","Home & Living","Home & Living",
"mahjong keycaps","Computers & Peripherals","Computers & Peripherals",,
"adlv bear","Women's Apparel","Women's Apparel","Women's Apparel",
"levi’s","Women's Apparel","Men's Wear","Women's Apparel",
"long long time ago dvd","Hobbies & Books","Computers & Peripherals","Hobbies & Books",
"trichoderm","Beauty & Personal Care","Home & Living",,
"toblerone","Food & Beverages","Food & Beverages","Food & Beverages",
"high tea singapore","Lifestyle",,"Food & Beverages",
"trinx bike singapore","Sports & Outdoors","Sports & Outdoors",,
"vention","Computers & Peripherals","Computers & Peripherals","Computers & Peripherals","Computers & Peripherals"
"emicakes","Food & Beverages","Food & Beverages","Food & Beverages","Food & Beverages"
"bungou stray dogs","Hobbies & Books","Jewellery & Accessories","Jewellery & Accessories","Jewellery & Accessories"
"vanilla extract singapore","Food & Beverages",,,
"bookshelf singapore","Home & Living","Home & Living",,
"loreal hair dye","Beauty & Personal Care","Beauty & Personal Care","Beauty & Personal Care",
"console table singapore","Home & Living","Home & Living","Home & Living",
"cheap john","Sports & Outdoors","Beauty & Personal Care",,
"天猫精灵","Mobile & Gadgets","Mobile & Gadgets","Mobile & Gadgets","Mobile & Gadgets"
"tiong bahru brunch","Lifestyle",,,
"barani shoes","Women's Shoes","Women's Shoes","Women's Shoes",
"fossil smartwatch","Mobile & Gadgets","Mobile & Gadgets",,
"cocoon mask","Health & Wellness","Beauty & Personal Care","Home & Living","Home & Living"
"data kl","Platform Terms (Lazada / Shopee)","Mobile & Gadgets","Mobile & Gadgets","Mobile & Gadgets"
"pull out bed","Home & Living","Home & Living","Home & Living",
"lanyard singapore","Jewellery & Accessories","Jewellery & Accessories",,
"green-screen","Cameras & Drones",,,
"logitech gaming","Computers & Peripherals","Computers & Peripherals","Computers & Peripherals",
"underpad","Toys, Kids & Babies","Health & Wellness","Health & Wellness","Health & Wellness"
"gelang emas","Jewellery & Accessories","Jewellery & Accessories",,
"la bi xiao xin","Toys, Kids & Babies","Home & Living","Mobile & Gadgets",
"la bi xiao xin","Toys, Kids & Babies","Home & Living","Mobile & Gadgets",
"gazebo singapore","Sports & Outdoors","Men Clothes","Mom & Baby","Food & Beverages"
"dining table singapore","Home & Living","Home & Living","Home & Living",
"osim gaming chair","Computers & Peripherals","Home & Living","Home & Living",
"head massager","Health & Wellness","Beauty & Personal Care","Beauty & Personal Care","Beauty & Personal Care"
"don don donki products","Food & Beverages",,,
"rocker baby","Toys, Kids & Babies","Toys, Kids & Babies","Toys, Kids & Babies",
"metal racks","Home & Living","Home & Living","Home & Living",
"chair cushions","Home & Living","Home & Living","Home & Living",
"novelle pillow","Home & Living","Home & Living","Home & Living",
"paint by numbers kit","Home & Living","Home & Living","Toys, Kids & Babies",
"sk jewellery outlet","Jewellery & Accessories",,,
"logitech gaming keyboard","Computers & Peripherals","Computers & Peripherals","Computers & Peripherals","Computers & Peripherals"
"moft laptop stand","Computers & Peripherals","Computers & Peripherals","Computers & Peripherals",
"singapore laptop price","Computers & Peripherals","Computers & Accessories","Computers & Accessories","Computers & Accessories"
"syren 2 earbuds","Mobile & Gadgets","Mobile & Gadgets","Mobile & Gadgets",
"laptop fan","Computers & Peripherals","Computers & Peripherals","Computers & Peripherals","Computers & Peripherals"
"gmmk pro","Computers & Peripherals","Computers & Peripherals",,
"gardenia breads","Food & Beverages","Food & Beverages","Food & Beverages",
"java bike singapore","Sports & Outdoors","Sports & Outdoors",,
"best express singapore","Platform Terms (Lazada / Shopee)",,,
"singapore laptop price","Computers & Peripherals","Computers & Accessories","Computers & Accessories","Computers & Accessories"
"ventilation fans","Home Appliances","Home Appliances",,
"window handle singapore","Home & Living","Home & Living",,
"osim gaming chair","Computers & Peripherals","Home & Living","Home & Living",
"jabra elite active 75t","Mobile & Gadgets","Mobile & Gadgets","Mobile & Gadgets","Mobile & Gadgets"
"rocker baby","Toys, Kids & Babies","Toys, Kids & Babies","Toys, Kids & Babies",
"lacto chicken","Food & Beverages","Food & Beverages",,
"samsung z flip","Mobile & Gadgets","Mobile & Gadgets","Mobile & Gadgets",
"samsung s21 ultra","Mobile & Gadgets","Mobile & Gadgets",,
"money max","Jewellery & Accessories","Mobile & Gadgets",,
"laptop cooler","Computers & Peripherals","Computers & Peripherals","Computers & Peripherals","Computers & Peripherals"
"samsung tab 7","Mobile & Gadgets","Mobile & Gadgets","Mobile & Gadgets",
"disinfectant sprayer","Home & Living","Home & Living","Pet Food & Supplies",
"yamaha xsr 155","Automotive","Automotive","Automotive",
"lv sling bag","Women's Apparel","Women's Bags","Women's Bags","Women's Bags"
"lace shoes","Men's Shoes","Women's Shoes",,
"karmakamet singapore","Beauty & Personal Care","Home & Living","Home & Living","Home & Living"
"vacuum cleaner for car","Automotive","Home Appliances","Automotive",
"single sofa bed","Home & Living","Home & Living","Home & Living",
"disinfectant sprayer","Home & Living","Home & Living","Pet Food & Supplies",
"jordan air 1","Sports & Outdoors","Men's Shoes","Men's Shoes",
"mother works","Toys, Kids & Babies","Women's Shoes",,
"massage machine","Health & Wellness","Beauty & Personal Care","Sports & Outdoors",
"lunch bags for kids","Toys, Kids & Babies","Home & Living","Home & Living",
"lee heng jewellery","Jewellery & Accessories","Jewellery & Accessories",,
"vhive chair","Home & Living","Home & Living",,
"thai supermarket","Food & Beverages","Food & Beverages","Food & Beverages",
"nerve control 911 singapore","Health & Wellness",,,
"cling wrap","Home & Living","Home & Living","Home & Living","Home & Living"
"crotchless panties","Women's Apparel","Women's Apparel","Women's Apparel",
"safari bed","Sports & Outdoors","Home & Living","Home & Living",
"mini pop it","Toys, Kids & Babies","Mobile & Gadgets",,
"holland village bars","Lifestyle",,,
"tin and bottle","Beauty & Personal Care","Home & Living",,
"pikes bicycle","Sports & Outdoors","Sports & Outdoors","Sports & Outdoors",
"singapore postcards","Home & Living","Home & Living","Home & Living",
"box for moving","Home & Living","Home & Living","Home & Living",
"bicycle brake pad","Sports & Outdoors","Sports & Outdoors","Sports & Outdoors",
"transparent underwear","Men's Wear","Women's Apparel","Miscellaneous",
"cakes promotion","Food & Beverages",,"Food & Beverages",
"display glass cabinet singapore","Home & Living","Home & Living","Home & Living","Home & Living"
"men g string","Men's Wear","Men's Wear","Men's Wear",
"display glass cabinet singapore","Home & Living","Home & Living","Home & Living","Home & Living"
"stand alone stove","Home Appliances",,"Home & Living",
"pikes bicycle","Sports & Outdoors","Sports & Outdoors","Sports & Outdoors",
"ipanema","Women's Shoes","Women's Shoes","Women's Shoes","Women's Shoes"
"film disposable camera","Cameras & Drones","Cameras & Drones","Cameras & Drones",
"new moon bird nest with white fungus","Health & Wellness","Food & Beverages","Food & Beverages",
"sofa floor","Home & Living","Home & Living","Home & Living",
"lomo cards","Hobbies & Books","Hobbies & Books","Hobbies & Books",
"cycle jersey singapore","Sports & Outdoors","Sports & Outdoors","Sports & Outdoors","Stationery"
"relaxing chair","Home & Living","Home & Living","Home & Living",
"pool float","Sports & Outdoors","Hobbies & Books",,"Hobbies & Books"
"allan key set","Home & Living","Automotive","Home & Living",
"varmilo","Computers & Peripherals","Computers & Peripherals","Computers & Peripherals",
"micro fibre towel","Home & Living","Home & Living",,
"relax chairs","Home & Living","Home & Living","Home & Living",
"yoga short","Women's Apparel","Sports & Outdoors","Women's Apparel","Women's Apparel"
"laptop foldable table","Home & Living","Home & Living","Home & Living",
"fruit blender","Home Appliances","Home Appliances","Home Appliances",
"kpopmerch","Hobbies & Books","Hobbies & Books",,
"coffee table foldable","Home & Living","Home & Living","Home & Living",
"book stand","Home & Living","Home & Living","Home & Living","Home & Living"
"xiaomi washing machine","Home Appliances","Home Appliances","Home Appliances",
"remax earphones","Mobile & Gadgets","Mobile & Gadgets","Mobile & Gadgets",
"kate spade card holder","Jewellery & Accessories","Women's Bags","Women's Bags",
"everdesk","Home & Living","Automotive",,
"pocky","Food & Beverages","Food & Beverages","Food & Beverages",
"eegotune","Home & Living","Home & Living",,
"coffee","Food & Beverages","Food & Beverages","Food & Beverages","Food & Beverages"
"water filter tap","Home Appliances","Home & Living","Home & Living","Home & Living"
"kettle delonghi","Home Appliances","Home Appliances",,
"terrascapes","Home & Living","Home & Living","Home & Living",
"neacafe gold","Food & Beverages","-",,
"shoe stretcher","Women's Shoes","Women's Shoes","Women's Shoes",
"half boil egg maker","Home & Living","Home & Living","Home & Living",
"plumber snake","Home & Living","Home & Living",,
"bed sheet single size","Home & Living","Home & Living",,
"light mirror","Home & Living","Beauty & Personal Care","Beauty & Personal Care",
"starbucks matcha latte","Food & Beverages","Food & Beverages","Food & Beverages",
"electronic lock for door","Home & Living","Home & Living","Home & Living",
"water in glass bottles","Food & Beverages",,"Home & Living",
"futsal shoe","Men's Shoes","Sports & Outdoors","Sports & Outdoors",
"terrascapes","Home & Living","Home & Living","Home & Living",
"grabcard","Others","Dining, Travel & Services",,
"quick release pedals","Sports & Outdoors","Sports & Outdoors","Sports & Outdoors",
"marshall earbuds","Mobile & Gadgets","Mobile & Gadgets","Home & Living",
"ice dispenser fridge","Home Appliances","Home Appliances",,
"light mirror","Home & Living","Beauty & Personal Care","Beauty & Personal Care",
"12 volt battery","Mobile & Gadgets","Home & Living","Toys, Kids & Babies",
"decaf coffee singapore","Food & Beverages","Food & Beverages","Food & Beverages","Food & Beverages"
"infrared lamp","Home & Living","Home & Living","Beauty & Personal Care",
"kiwi shoe polish","Women's Shoes","Men's Shoes","Men's Shoes",
"jk168","Mobile & Gadgets",,,
"cute keychain","Jewellery & Accessories","Jewellery & Accessories","Jewellery & Accessories",
"reverse camera for car","Automotive","Automotive","Automotive",
"men in thongs","Men's Wear",,,
"candle jars","Home & Living","Home & Living",,
"club","Lifestyle","Beauty & Personal Care","Beauty & Personal Care",
"air blower gun","Home & Living","Home Appliances","Home Appliances",
"electric pans","Home Appliances","Home Appliances",,
"dropoff point","Platform Terms (Lazada / Shopee)","Stationery","Beauty","Beauty"
"dr scholl compression socks","Men's Shoes","Women's Apparel","Women's Apparel",
"slime singapore","Toys, Kids & Babies","Hobbies & Books",,
"wheel clamps","Automotive","Automotive","Automotive","Automotive"
"lighted mirror","Home & Living","Beauty & Personal Care","Beauty & Personal Care",
"9 9 sale","Platform Terms (Lazada / Shopee)","Home & Living","Beauty & Personal Care",
"teepee tent","Toys, Kids & Babies","Toys, Kids & Babies","Toys, Kids & Babies","Toys, Kids & Babies"
"doggie doors","Pet Food & Supplies","Pets","Pets","Automobiles"
"ibc rootbeer","Food & Beverages",,"Food & Beverages",
"6v battery","Mobile & Gadgets","Mobile & Gadgets","Toys, Kids & Babies",
"eufy doorbell","Home & Living","Home & Living","Home & Living",
"ipad air2 case","Mobile & Gadgets","Mobile & Gadgets","Mobile & Gadgets",
"backpacks with wheels","Travel & Luggage","Pet Food & Supplies","Kids Fashion",
"diy covid test kit singapore price","Health & Wellness",,,
"jegging","Women's Apparel","Women's Apparel","Women's Apparel",
"foldable clothes drying rack","Home & Living","Home & Living","Home & Living",
"ecovacs deebot","Home Appliances","Home Appliances","Home Appliances",
"chair wheels","Home & Living","Home & Living","Home & Living",
"american pharma protein","Sports & Outdoors",,"Sports & Outdoors",
"wooden puzzle","Home & Living","Toys, Kids & Babies","Toys, Kids & Babies","Toys, Kids & Babies"
"s22 ultra price singapore","Mobile & Gadgets",,,
"club","Lifestyle","Beauty & Personal Care","Beauty & Personal Care",
"s22 ultra price singapore","Mobile & Gadgets",,,
"kpop concert singapore 2022","Lifestyle",,,
"samsung a23","Mobile & Gadgets",,"Mobile & Gadgets",
"best durian in singapore","Lifestyle","Food & Beverages",,
"cos bag","Women's Bags","Women's Bags","Women's Bags",
"slime singapore","Others","Hobbies & Books",,
"suckling pig singapore","Food & Beverages",,,
"burga phone cases","Mobile & Gadgets",,"Mobile & Gadgets",
"gentlewoman bag","Women's Bags","Women Bags","Men Bags","Men Bags"
"rockport shoes singapore","Men's Shoes",,,
"gentlewoman bag","Women's Bags","Women Bags","Men Bags","Men Bags"
"simba top up","Dining, Travel & Services","Men Clothes","Tickets, Vouchers & Services","Tickets, Vouchers & Services"
"round lab sunscreen","Beauty & Personal Care","Beauty & Personal Care","Beauty & Personal Care",
"sling bag men","Men's Bags","Men's Bags","Men's Bags","Men's Bags"
"sketch book","Hobbies & Books","Home & Living","Home & Living",
"green barley","Health & Wellness","Food & Beverages",,
"small umbrella","Home & Living","Home & Living","Home & Living","Home & Living"
"cars toys","Toys, Kids & Babies","Toys, Kids & Babies","Toys, Kids & Babies","Toys, Kids & Babies"
"puma singapore store","Men's Shoes",,"Women's Shoes",
"cabinet handles","Home & Living","Home & Living","Home & Living",
"kingkoil singapore","Home & Living",,,
"muji bags","Women's Bags",,"Home & Living",
"redwhitemobile singapore","Mobile & Gadgets",,,
"formal shoe","Men's Shoes","Men's Shoes","Men's Shoes",
"colour hair","Beauty & Personal Care","Beauty & Personal Care","Beauty & Personal Care",
"money clips","Men's Bags","Men's Bags",,
"alkaline water dispenser singapore","Home Appliances","Home Appliances",,
"gnc sg","Health & Wellness","Health","Health","Health"
"money clips","Men's Bags","Men's Bags",,
"takis singapore","Food & Beverages","Home & Living","Women Bags","Women Bags"
"simba top up","Dining, Travel & Services","Men Clothes","Tickets, Vouchers & Services","Tickets, Vouchers & Services"
"sling bag men","Men's Bags","Men's Bags","Men's Bags","Men's Bags"
"flexicure cream","Health & Wellness","Health","Health","Health"
"usba to usbc","Computers & Peripherals","Mobile & Gadgets","Video Games",
"plantronic","Mobile & Gadgets","Mobile & Gadgets",,
"dc marten","Men's Shoes",,"Men Shoes",
"singtel top-up prepaid","Dining, Travel & Services",,,
"rubber ducks","Toys, Kids & Babies","Toys, Kids & Babies","Toys, Kids & Babies","Toys, Kids & Babies"
"think pad","Computers & Peripherals","Beauty & Personal Care",,
"gancube","Hobbies & Books","Toys, Kids & Babies","Toys, Kids & Babies","Toys, Kids & Babies"
"tempur mattress","Home & Living","Home & Living","Home & Living",